day_obs,visit,detector,band,physical_filter,ra,dec,zenithDistance,zeroPoint,skyBg,skyNoise,psfSigma,psfArea,nPsfStar,astromOffsetMean,astromOffsetStd,expTime,astrometry_matches_count,cosmic_ray_count,final_psf_sigma,matched_psf_star_count,photometry_matches_count,psf_available_star_count,psf_good_star_count,saturated_source_count,star_count
20240906,90151287,0,v,V,349.4988213266602,48.78084478634541,28.70240020751953,26.723899841308594,69.222412109375,8.769648551940918,3.674179792404175,123.15360260009766,0,0.1474943608045578,0.09286260604858398,30.0,10.0,9.0,3.7074591308104967,7.0,7.0,7.0,7.0,7.0,7.0
20240906,90151290,0,v,V,349.498764569949,48.78076593326435,29.618263244628906,26.680095672607422,70.36487579345703,8.750001907348633,3.463399648666382,135.4714813232422,7,0.1802573949098587,0.1282668262720108,30.0,13.0,19.0,3.451411468627888,49.0,58.0,12.0,12.0,5.0,56.0
20240906,90151291,0,v,V,349.4987638462911,48.7807498203619,29.788036346435547,26.760772705078125,69.85369110107422,8.720110893249512,3.2119648456573486,135.74365234375,23,0.052966926246881485,0.0302769523113966,30.0,24.0,23.0,3.2090014393265203,33.0,47.0,35.0,33.0,8.0,55.0
20240906,90151292,0,v,V,349.498759987966,48.780780502401996,29.957935333251953,26.772964477539062,69.76542663574219,8.691413879394531,2.429203510284424,89.72723388671875,6,0.04755466431379318,0.023010162636637688,30.0,15.0,15.0,2.468734554098947,9.0,14.0,23.0,23.0,8.0,16.0
20240906,90151293,0,v,V,349.4987505064511,48.780677761215244,30.12792205810547,26.7576904296875,70.02653503417969,8.81926155090332,3.2054858207702637,114.98416137695312,2,0.02750464715063572,0.02008255198597908,30.0,7.0,26.0,3.094218771032087,19.0,27.0,8.0,8.0,8.0,30.0
20240906,90151294,0,v,V,349.49879537507906,48.7807861827292,30.29798698425293,26.772184371948242,70.19668579101562,8.839550018310547,3.179333209991455,143.50035095214844,8,0.08558179438114166,0.07259397953748703,30.0,10.0,13.0,3.2091693548826807,17.0,21.0,14.0,14.0,7.0,25.0
20240906,90151295,0,v,V,349.4988098075486,48.78077162817781,30.468149185180664,26.75123405456543,70.59053039550781,8.866284370422363,3.330686092376709,151.844970703125,10,0.08199134469032288,0.04465074464678764,30.0,16.0,16.0,3.2596494081667595,27.0,40.0,17.0,16.0,5.0,46.0
20240906,90151296,0,v,V,349.49879906571334,48.78078104993636,30.63842010498047,26.74237823486328,70.74781799316406,8.86448860168457,3.393889904022217,144.85020446777344,5,0.07379118353128433,0.04084782674908638,30.0,9.0,11.0,3.417077282394023,23.0,31.0,10.0,10.0,7.0,37.0
20240906,90151297,0,v,V,349.4987830985094,48.78086612692017,30.808792114257812,26.76589012145996,70.82755279541016,8.7048978805542,3.169016122817993,150.9807586669922,4,0.05694230645895004,0.020738812163472176,30.0,9.0,6.0,3.230352660034698,7.0,10.0,13.0,13.0,7.0,10.0
20240906,90151298,0,v,V,349.4987663257771,48.78087576615819,30.979280471801758,26.753936767578125,71.34304809570312,8.585566520690918,2.54201078414917,99.91442108154297,2,0.40107330679893494,0.22730652987957,30.0,10.0,17.0,2.603561446688272,4.0,6.0,8.0,8.0,4.0,7.0
20240906,90151299,0,v,V,349.4987946102902,48.78078724349774,31.14975357055664,26.76854705810547,71.59730529785156,8.65260124206543,2.5299487113952637,58.72990417480469,5,0.06080340966582298,0.04395280405879021,30.0,7.0,16.0,2.566106045302544,14.0,20.0,8.0,8.0,3.0,25.0
20240906,90151301,0,v,V,349.4988891819501,48.781043611863915,31.490982055664062,26.7757511138916,72.34736633300781,8.832690238952637,3.283492088317871,128.03541564941406,0,0.09367294609546661,0.05072753503918648,30.0,20.0,10.0,3.390479476953619,4.0,5.0,10.0,9.0,6.0,5.0
20240906,90151302,0,v,V,349.49884840014437,48.780845218077495,31.661741256713867,26.752662658691406,72.29525756835938,8.875079154968262,3.253558874130249,138.53170776367188,12,0.05376315116882324,0.02803594432771206,30.0,17.0,12.0,3.184789446023431,33.0,50.0,14.0,14.0,5.0,58.0
20240906,90151303,0,v,V,349.49888124769217,48.78089605006617,31.83254623413086,26.680418014526367,72.55646514892578,8.903304100036621,3.119366407394409,123.80864715576172,3,0.22727517783641815,0.13855229318141937,30.0,16.0,11.0,3.0962864045048284,37.0,46.0,14.0,14.0,4.0,46.0
20240906,90151304,0,v,V,349.4052675507588,48.70587199905646,32.057945251464844,31.612401962280273,72.88286590576172,8.945063591003418,3.496227502822876,155.74330139160156,4,0.08122995495796204,0.05861441791057587,30.0,4.0,10.0,3.488689883768224,39.0,16.0,11.0,11.0,8.0,50.0
20240906,90151305,0,v,V,349.49876818001303,48.78082232753584,32.17442321777344,26.73933219909668,73.3125228881836,8.954668998718262,3.5613558292388916,160.6710205078125,10,0.04912145808339119,0.03468224033713341,30.0,15.0,10.0,3.5546610644485086,29.0,45.0,16.0,16.0,8.0,56.0
20240906,90151306,0,v,V,349.4835613980929,48.76508840021841,32.35404586791992,26.75415802001953,73.87495422363281,8.937199592590332,3.8643195629119873,121.1819839477539,0,0.09887108206748962,0.0739934965968132,30.0,4.0,17.0,3.8119599416424093,17.0,6.0,5.0,5.0,8.0,24.0
20240906,90151307,0,v,V,349.498738008314,48.7808507048639,32.51652145385742,26.74947166442871,74.39179229736328,8.946690559387207,3.4397478103637695,157.7255401611328,12,0.025549909099936485,0.013389318250119686,30.0,11.0,12.0,3.403280570514669,40.0,53.0,13.0,13.0,7.0,62.0
20240906,90151308,0,v,V,349.49887970253485,48.780988974996234,32.687599182128906,26.731304168701172,73.78273010253906,8.987279891967773,2.88147234916687,136.2049560546875,1,0.30936112999916077,0.19355551898479462,30.0,6.0,8.0,3.0383120502217364,5.0,9.0,7.0,7.0,5.0,8.0
20240906,90151309,0,v,V,349.4987866171794,48.78091037112948,32.85883712768555,26.765789031982422,73.43222045898438,8.957643508911133,2.551867723464966,105.32564544677734,1,0.0801987498998642,0.03730534017086029,30.0,12.0,8.0,2.6259529537431074,7.0,7.0,19.0,18.0,1.0,8.0
20240906,90151310,0,v,V,349.4988382346188,48.78085244560925,33.030006408691406,26.737590789794922,73.91264343261719,8.860630989074707,3.7348079681396484,123.43930053710938,1,0.1449528932571411,0.08846374601125717,30.0,9.0,12.0,3.5010986933086072,15.0,19.0,7.0,7.0,5.0,21.0
20240906,90151312,0,v,V,349.4988665578779,48.780862253658135,33.37253189086914,26.74243927001953,75.39736938476562,8.878605842590332,3.653179407119751,168.32826232910156,10,0.03725855052471161,0.02346324361860752,30.0,13.0,9.0,3.664002196841838,36.0,54.0,12.0,12.0,7.0,61.0
20240906,90151313,0,v,V,349.49885195851243,48.78086327750544,33.5439338684082,26.738903045654297,75.16242218017578,8.967860221862793,3.4605886936187744,153.00645446777344,17,0.04908560588955879,0.021878423169255257,30.0,21.0,17.0,3.4373181732517346,41.0,58.0,18.0,18.0,7.0,68.0
20240906,90151314,0,v,V,349.49882989524303,48.78098257660907,33.715328216552734,26.716035842895508,75.44312286376953,9.018280029296875,3.698164224624634,210.77488708496094,0,0.16079014539718628,0.07833725959062576,30.0,13.0,10.0,3.5284741287016073,14.0,15.0,8.0,8.0,6.0,16.0
20240906,90151315,0,v,V,349.4988478915491,48.780891212342894,33.88674545288086,26.748594284057617,75.97317504882812,9.061675071716309,3.393428325653076,152.6118927001953,3,0.007647164631634951,0.006163857411593199,30.0,4.0,19.0,3.4202337766090194,11.0,16.0,10.0,10.0,8.0,17.0
20240906,90151316,0,v,V,349.4988673475453,48.78097173631411,34.05817794799805,26.753564834594727,75.79533386230469,9.002419471740723,3.284574031829834,145.218505859375,1,0.1892983764410019,0.1622726172208786,30.0,9.0,8.0,3.2607446174573407,16.0,19.0,10.0,10.0,8.0,22.0
20240906,90151317,0,v,V,349.4988900824276,48.78092387633879,34.229671478271484,26.695301055908203,76.66993713378906,8.85555648803711,3.4509949684143066,153.2672882080078,4,0.04281558841466904,0.02129291743040085,30.0,9.0,17.0,3.4496265555891488,21.0,32.0,9.0,9.0,7.0,35.0
20240906,90151318,0,v,V,349.49889951782797,48.78101236519922,34.401180267333984,26.736478805541992,76.8022689819336,8.856708526611328,3.493870735168457,154.62789916992188,5,0.20757922530174255,0.15814094245433807,30.0,10.0,15.0,3.4353083641545936,39.0,58.0,7.0,7.0,6.0,64.0
20240906,90151319,0,v,V,349.4988372051165,48.78095849529734,34.57277297973633,26.72808837890625,77.0414810180664,8.917048454284668,3.482144594192505,157.69155883789062,5,0.02916172705590725,0.016347642987966537,30.0,6.0,13.0,3.4893440852402757,33.0,43.0,8.0,8.0,8.0,50.0
20240906,90151320,0,v,V,349.49888165123895,48.78093927357734,34.744319915771484,26.730125427246094,76.999267578125,8.944944381713867,3.4356894493103027,157.3687286376953,16,0.03869817405939102,0.020476853474974632,30.0,15.0,24.0,3.4466605472542473,40.0,56.0,16.0,16.0,7.0,66.0
20240906,90151321,0,v,V,349.49887717677024,48.78096373603114,34.915889739990234,26.733692169189453,77.84495544433594,9.05891227722168,3.575871467590332,165.1616668701172,13,0.03858520835638046,0.026042485609650612,30.0,22.0,13.0,3.5583244566447663,34.0,53.0,21.0,19.0,5.0,62.0
20240906,90151322,0,v,V,349.49884984510726,48.78091502868495,35.0875244140625,26.72848892211914,77.6083755493164,9.092666625976562,3.6309077739715576,175.35128784179688,18,0.048009347170591354,0.020594481378793716,30.0,24.0,9.0,3.627053740864219,36.0,52.0,20.0,20.0,8.0,57.0
20240906,90151323,0,v,V,349.49884405821757,48.780990592902775,35.259185791015625,26.693944931030273,78.38272094726562,9.005423545837402,3.5737342834472656,174.7765655517578,8,0.06417271494865417,0.023339251056313515,30.0,10.0,18.0,3.577432176481669,40.0,51.0,13.0,13.0,6.0,55.0
20240906,90151324,0,v,V,349.4988226251184,48.780976439203094,35.43083190917969,26.7219295501709,79.09602355957031,8.869871139526367,3.577040910720825,161.77264404296875,8,0.038718100637197495,0.02119223214685917,30.0,13.0,15.0,3.552096169363718,39.0,56.0,10.0,10.0,9.0,66.0
20240906,90151325,0,v,V,349.49883618559255,48.78096243697109,35.602439880371094,26.724714279174805,78.92090606689453,8.850854873657227,3.498373508453369,167.38856506347656,15,0.04246179014444351,0.02860097587108612,30.0,22.0,12.0,3.4959351673630095,35.0,51.0,20.0,20.0,8.0,57.0
20240906,90151326,0,v,V,349.4990056557095,48.78093479811527,35.77399444580078,26.705434799194336,79.626953125,8.892878532409668,3.384751319885254,153.83961486816406,17,0.05064988508820534,0.037583306431770325,30.0,23.0,16.0,3.3634726725827373,23.0,34.0,26.0,26.0,7.0,38.0
20240906,90151327,0,v,V,349.498913882202,48.78100827913402,35.94570541381836,26.728452682495117,80.13292694091797,9.010659217834473,3.4977948665618896,161.03628540039062,4,0.04360074922442436,0.0266790259629488,30.0,9.0,12.0,3.477540928290219,28.0,37.0,7.0,7.0,4.0,47.0
20240906,90151328,0,v,V,349.49887723449336,48.78100436629441,36.11739730834961,26.748416900634766,79.87642669677734,9.061575889587402,3.5027506351470947,154.78697204589844,6,0.03997208550572395,0.00989474356174469,30.0,11.0,16.0,3.5005520857336063,11.0,13.0,13.0,13.0,6.0,17.0
20240906,90151329,0,v,V,349.4989589897673,48.78113983578394,36.28901290893555,26.617103576660156,80.8307113647461,9.111994743347168,3.481994867324829,61.81838607788086,2,0.23070254921913147,0.0678301677107811,30.0,7.0,6.0,3.433276306567071,10.0,11.0,5.0,5.0,6.0,12.0
20240906,90151330,0,v,V,349.49890736648,48.781066997622915,36.4607048034668,26.63204574584961,81.2608642578125,9.050869941711426,3.4018430709838867,105.72712707519531,3,0.03691595420241356,0.02347264252603054,30.0,8.0,15.0,3.408960179789471,10.0,13.0,6.0,6.0,7.0,11.0
20240906,90151331,0,v,V,349.49891242987724,48.78111441333456,36.63237380981445,26.73416519165039,81.76715087890625,9.049055099487305,3.432206392288208,165.1813201904297,3,0.03796353191137314,0.020687254145741463,30.0,5.0,8.0,3.410179930612039,8.0,16.0,7.0,7.0,8.0,15.0
20240906,90151332,0,v,V,349.49892235526346,48.78105342428187,36.80403518676758,26.718446731567383,82.20930480957031,9.105853080749512,3.744499444961548,187.0439910888672,5,0.02282358892261982,0.006603955756872892,30.0,7.0,8.0,3.685053235070321,27.0,47.0,7.0,7.0,7.0,53.0
20240906,90151333,0,v,V,349.49890804889725,48.781063177816904,36.9756965637207,26.725698471069336,82.53941345214844,9.186210632324219,3.488776445388794,140.34719848632812,2,0.27355608344078064,0.15599729120731354,30.0,8.0,13.0,3.463991050873042,35.0,46.0,6.0,6.0,4.0,48.0
20240906,90151334,0,v,V,349.4990368746467,48.781296683270604,37.14725112915039,26.74196434020996,82.87751007080078,9.222509384155273,3.7347946166992188,213.98255920410156,1,0.19683127105236053,0.10895673930644989,30.0,9.0,13.0,3.7702814537470433,10.0,13.0,10.0,10.0,7.0,12.0
20240906,90151335,0,v,V,349.4989500135945,48.78113222197492,37.318946838378906,26.699420928955078,82.54032897949219,9.251008033752441,3.3191335201263428,103.44062805175781,1,0.1720920354127884,0.1425657868385315,30.0,10.0,11.0,3.3058343907375334,10.0,11.0,6.0,6.0,5.0,11.0
20240906,90151338,0,v,V,349.49899518940134,48.78127719181078,37.83386993408203,26.758655548095703,84.5760498046875,9.255362510681152,1.4007902145385742,80.81527709960938,1,0.19477950036525726,0.12497555464506149,30.0,9.0,17.0,2.4253081298365786,2.0,2.0,8.0,8.0,5.0,2.0
20240906,90151339,0,v,V,349.4989420459515,48.78117231467755,38.0055046081543,26.72175407409668,83.9675521850586,9.287079811096191,3.410648822784424,157.9852294921875,16,0.05119084566831589,0.037118539214134216,30.0,22.0,17.0,3.4124333339895982,40.0,53.0,18.0,18.0,3.0,64.0
20240906,90151340,0,v,V,349.49898442397415,48.7812344869132,38.177040100097656,26.75963592529297,85.01902770996094,9.324336051940918,3.3321480751037598,115.94548797607422,0,0.10422629117965698,0.06655354797840118,30.0,10.0,21.0,3.325940509088045,29.0,36.0,7.0,7.0,9.0,39.0
20240906,90151341,0,v,V,349.49897488832323,48.78119903170239,38.34864807128906,26.699289321899414,85.5461196899414,9.283824920654297,3.2352421283721924,147.46974182128906,3,0.2074049413204193,0.16063162684440613,30.0,19.0,6.0,3.231731049074773,38.0,47.0,14.0,13.0,8.0,49.0
20240906,90151342,0,v,V,349.4989854220863,48.78120380025401,38.52014923095703,26.716739654541016,85.29924774169922,9.2206392288208,3.3568546772003174,149.6147918701172,11,0.019840331748127937,0.010676353238523006,30.0,12.0,14.0,3.3839412902410064,39.0,50.0,11.0,11.0,8.0,60.0
20240906,90151343,0,v,V,349.4989228103714,48.7811294220152,38.691707611083984,26.697813034057617,85.76048278808594,9.238653182983398,3.214859962463379,105.1472396850586,0,0.11353128403425217,0.06748166680335999,30.0,4.0,14.0,3.149947211197316,9.0,10.0,9.0,9.0,7.0,10.0
20240906,90151344,0,v,V,349.4989819541357,48.781222328525466,38.86314010620117,26.708398818969727,86.68647766113281,9.328513145446777,3.39310622215271,138.6735382080078,25,0.06855885684490204,0.03852580115199089,30.0,29.0,14.0,3.3786836646900174,38.0,49.0,32.0,32.0,8.0,56.0
20240906,90151345,0,v,V,349.49901102176256,48.78118560865326,39.03457260131836,26.781782150268555,86.93518829345703,9.364439010620117,3.2204368114471436,150.6044158935547,1,0.08050574362277985,0.051646001636981964,30.0,9.0,14.0,3.2469433909045495,8.0,9.0,15.0,15.0,4.0,9.0
20240906,90151346,0,v,V,349.4989797186167,48.78125749707928,39.20602035522461,26.705305099487305,87.59275817871094,9.324031829833984,3.570126533508301,163.79966735839844,10,0.029135091230273247,0.01808997057378292,30.0,16.0,6.0,3.4989036552475565,21.0,30.0,21.0,21.0,7.0,36.0
20240906,90151348,0,v,V,349.4989763419532,48.781183408307335,39.548789978027344,26.71320152282715,88.50517272949219,9.264423370361328,3.597954511642456,156.94757080078125,9,0.1195322796702385,0.09079653024673462,30.0,13.0,15.0,3.590852210633144,30.0,51.0,11.0,11.0,7.0,57.0
20240906,90151349,0,v,V,349.49891405146946,48.78122053661526,39.72018051147461,26.694326400756836,88.17955017089844,9.292332649230957,3.4551196098327637,155.40509033203125,11,0.0596364364027977,0.0294499471783638,30.0,14.0,15.0,3.4608434404089667,23.0,34.0,15.0,15.0,6.0,38.0
20240906,90151350,0,v,V,349.4989397606034,48.7812452407062,39.89145278930664,26.703590393066406,89.6226806640625,9.382984161376953,2.685338258743286,148.8993377685547,4,0.04767192155122757,0.02346418984234333,30.0,9.0,8.0,3.481289563629749,26.0,37.0,8.0,8.0,6.0,45.0
20240906,90151351,0,v,V,349.49894231410536,48.781210743134835,40.062705993652344,26.69984245300293,89.48457336425781,9.434052467346191,3.308030843734741,132.34780883789062,10,0.035394102334976196,0.007912732660770416,30.0,7.0,14.0,3.2916908000649516,34.0,49.0,12.0,12.0,6.0,53.0
20240906,90151352,0,v,V,349.4989537871844,48.78117460281119,40.23391342163086,26.69156837463379,89.63854217529297,9.333073616027832,3.592684268951416,166.40020751953125,2,0.11838606745004654,0.03665323182940483,30.0,8.0,15.0,3.485747113105531,31.0,43.0,9.0,9.0,7.0,41.0
20240906,90151353,0,v,V,349.4989822833227,48.78130178747757,40.405059814453125,26.695037841796875,90.6400146484375,9.235735893249512,3.6241252422332764,168.18869018554688,11,0.043739017099142075,0.022946417331695557,30.0,21.0,5.0,3.63115432298501,25.0,43.0,20.0,20.0,7.0,50.0
20240906,90151354,0,v,V,349.49905759197776,48.78142487611603,40.57614517211914,26.688852310180664,90.7091064453125,9.232088088989258,3.3224503993988037,76.04708099365234,0,0.16565488278865814,0.11200816929340363,30.0,7.0,20.0,3.38054372984724,6.0,8.0,5.0,5.0,7.0,9.0
20240906,90151356,0,v,V,349.49891978227004,48.78126577689381,40.918453216552734,26.726058959960938,92.44283294677734,9.419920921325684,3.4363062381744385,159.90074157714844,4,0.025425540283322334,0.0029084975831210613,30.0,7.0,19.0,3.50799958955198,8.0,11.0,9.0,9.0,7.0,11.0
20240906,90151357,0,v,V,349.4989514628523,48.78128506490107,41.08942794799805,26.692262649536133,92.63358306884766,9.471745491027832,3.6200361251831055,166.1609344482422,12,0.04712553694844246,0.03849973529577255,30.0,15.0,15.0,3.609176441155831,35.0,50.0,14.0,14.0,8.0,60.0
20240906,90151359,0,v,V,349.49898372038075,48.781300818243686,41.43128204345703,26.689001083374023,93.69095611572266,9.31935977935791,3.50815749168396,160.42172241210938,6,0.03171510621905327,0.015119664371013641,30.0,11.0,12.0,3.5237978722275263,20.0,30.0,11.0,11.0,6.0,34.0
20240906,90151360,0,v,V,349.4990443468273,48.7813085390464,41.60209274291992,26.737045288085938,94.86225891113281,9.328201293945312,3.2012557983398438,144.7935028076172,3,0.04295753315091133,0.01810731366276741,30.0,6.0,14.0,3.2856699282540447,7.0,11.0,7.0,7.0,3.0,10.0
20240906,90151362,0,v,V,349.4989607426381,48.78133759230925,41.94369888305664,26.728517532348633,95.1708984375,9.475133895874023,3.5808448791503906,165.07760620117188,12,0.04471084102988243,0.01538050640374422,30.0,17.0,19.0,3.576730518402169,38.0,53.0,13.0,13.0,5.0,64.0
20240906,90151363,0,v,V,349.4990305977339,48.78135262548617,42.11433792114258,26.701547622680664,95.42061614990234,9.539690971374512,3.2089788913726807,135.48146057128906,23,0.03704315423965454,0.018504386767745018,30.0,33.0,14.0,3.2124061565175484,43.0,61.0,25.0,25.0,2.0,70.0
20240906,90151364,0,v,V,349.4989660160967,48.78137348134266,42.2850227355957,26.721384048461914,96.00872802734375,9.529609680175781,3.4974427223205566,144.99728393554688,6,0.06347677856683731,0.05342941731214523,30.0,8.0,13.0,3.520319169762962,25.0,41.0,9.0,9.0,5.0,45.0
20240906,90151365,0,v,V,349.4989903661631,48.78137551393654,42.45559310913086,26.6981258392334,96.43108367919922,9.465940475463867,3.564507246017456,161.71438598632812,6,0.08056916296482086,0.05910967290401459,30.0,11.0,16.0,3.5737461587985493,34.0,48.0,10.0,10.0,8.0,60.0
20240906,90151366,0,v,V,349.4990157896962,48.78132517553307,42.62617492675781,26.69872283935547,96.97119140625,9.462297439575195,3.502617359161377,154.79025268554688,7,0.03982440009713173,0.02831149473786354,30.0,14.0,9.0,3.5006324549876413,25.0,38.0,12.0,12.0,7.0,45.0
20240906,90151367,0,v,V,349.4989961100977,48.78143406877418,42.7966423034668,26.731197357177734,97.50330352783203,9.798650741577148,3.706937313079834,183.140625,10,0.05935310199856758,0.0186090599745512,30.0,12.0,14.0,3.701461700027861,28.0,41.0,12.0,12.0,6.0,47.0
20240906,90151368,0,v,V,349.4989891461054,48.781430532919366,42.96703338623047,26.73133659362793,97.57832336425781,9.597518920898438,3.4695348739624023,151.08030700683594,16,0.0397232249379158,0.023890666663646698,30.0,22.0,11.0,3.47296159357024,34.0,52.0,20.0,20.0,6.0,58.0
20240906,90151369,0,v,V,349.4990178469872,48.781440347574204,43.13736343383789,26.72635841369629,98.79471588134766,9.641916275024414,3.3099172115325928,144.44029235839844,8,0.090955451130867,0.03393682464957237,30.0,13.0,13.0,3.381061192395564,20.0,29.0,18.0,18.0,6.0,32.0
20240906,90151370,0,v,V,349.4990781087411,48.781442294747755,43.30758285522461,26.722942352294922,99.47538757324219,9.54224681854248,3.6224138736724854,171.5686492919922,7,0.060221221297979355,0.02665339782834053,30.0,12.0,15.0,3.633265788809114,25.0,40.0,9.0,9.0,8.0,45.0
20240906,90151371,0,v,V,349.4990496004736,48.781441281459564,43.4777946472168,26.69222640991211,99.41758728027344,9.470172882080078,3.460909843444824,142.8175811767578,17,0.03139963001012802,0.01349841058254242,30.0,24.0,7.0,3.4572857469162415,35.0,52.0,23.0,22.0,4.0,56.0
20240906,90151372,0,v,V,349.4990509953346,48.781435800108156,43.647945404052734,26.694377899169922,100.17829132080078,9.478809356689453,3.574223041534424,150.7687530517578,14,0.049591630697250366,0.0211920365691185,30.0,22.0,11.0,3.5817619176017663,31.0,45.0,18.0,17.0,7.0,50.0
20240906,90151373,0,v,V,349.4990549076746,48.78141559248242,43.817996978759766,26.69121742248535,101.32505798339844,9.568901062011719,3.6129932403564453,164.7559814453125,10,0.05154363065958023,0.04201439768075943,30.0,16.0,12.0,3.5890125116591958,33.0,54.0,14.0,14.0,9.0,60.0
20240906,90151374,0,v,V,349.4990181590687,48.781466420965835,43.987998962402344,26.684602737426758,101.5111312866211,9.935373306274414,3.709616184234619,168.74253845214844,11,0.027205336838960648,0.01246609352529049,30.0,10.0,6.0,3.712058697558216,24.0,33.0,13.0,13.0,8.0,40.0
20240906,90151375,0,v,V,349.49907945020624,48.7815332337221,44.15785598754883,26.733440399169922,102.43815612792969,9.71397590637207,3.1491270065307617,134.4004364013672,29,0.052168142050504684,0.030918745324015617,30.0,33.0,11.0,3.1307619273771046,41.0,55.0,35.0,34.0,9.0,62.0
20240906,90151376,0,v,V,349.49911316362034,48.78160287960872,44.327659606933594,26.707895278930664,103.2300796508789,9.891879081726074,3.5164084434509277,96.62922668457031,0,0.3478841483592987,0.19350238144397736,30.0,6.0,3.0,3.5482377992045295,16.0,19.0,6.0,6.0,7.0,20.0
20240906,90151377,0,v,V,349.49900193628804,48.78154704693665,44.497528076171875,26.69508934020996,103.96554565429688,9.849533081054688,3.680997371673584,149.939208984375,6,0.0491657517850399,0.019187703728675842,30.0,9.0,11.0,3.6090937566130887,17.0,24.0,12.0,12.0,10.0,31.0
20240906,90151378,0,v,V,349.49905081333713,48.78154714991793,44.66718292236328,26.678096771240234,104.8358154296875,10.076312065124512,3.4620087146759033,144.42196655273438,11,0.06493689864873886,0.04344489425420761,30.0,21.0,15.0,3.451792545686767,21.0,32.0,24.0,24.0,8.0,35.0
20240906,90151379,0,v,V,349.49903926619163,48.78159770556976,44.836788177490234,26.698348999023438,106.32292938232422,9.731771469116211,3.3826792240142822,152.6245574951172,21,0.04533980041742325,0.02055862732231617,30.0,23.0,15.0,3.3755524470051004,42.0,56.0,23.0,23.0,2.0,64.0
20240906,90151380,0,v,V,349.499050865068,48.781542041798055,45.00634002685547,26.6744441986084,106.91558074951172,11.102275848388672,3.7761459350585938,183.47802734375,11,0.028459420427680016,0.009242730215191841,30.0,7.0,18.0,3.7509091319944097,18.0,31.0,16.0,15.0,5.0,33.0
20240906,90151381,0,v,V,349.49902529971564,48.781558325802344,45.17580032348633,26.714378356933594,109.33999633789062,11.288833618164062,3.651956796646118,175.59091186523438,9,0.02314746007323265,0.006926278118044138,30.0,12.0,7.0,3.6636651153785067,19.0,25.0,13.0,13.0,5.0,31.0
20240906,90151383,0,v,V,349.4990682211768,48.78160712483357,45.51442337036133,26.667692184448242,113.42391967773438,10.962754249572754,3.8383524417877197,189.19732666015625,13,0.027615681290626526,0.016723280772566795,30.0,22.0,20.0,3.8465140471442134,21.0,27.0,18.0,18.0,6.0,34.0
20240906,90151385,0,v,V,349.4990691306295,48.78161843075125,45.85276794433594,26.679542541503906,118.45326232910156,10.225918769836426,3.515561819076538,153.77822875976562,5,0.06134270876646042,0.04357951879501343,30.0,11.0,8.0,3.484349223725007,17.0,29.0,10.0,10.0,5.0,37.0
20240906,90151386,0,v,V,349.4990442701834,48.78163485524827,46.021820068359375,26.712575912475586,121.82149505615234,10.563502311706543,3.364987850189209,133.8943634033203,4,0.013949904590845108,0.00452107610180974,30.0,6.0,8.0,3.3861231886411267,14.0,19.0,8.0,8.0,8.0,19.0
20240906,90151387,0,v,V,349.49908228781806,48.78164110596044,46.19072723388672,26.67718505859375,125.13258361816406,10.889931678771973,3.5163638591766357,155.18612670898438,11,0.04581933468580246,0.026141464710235596,30.0,24.0,9.0,3.5142915434595197,21.0,29.0,23.0,23.0,5.0,34.0
20240906,90151388,0,v,V,349.4991322723858,48.781624502890686,46.35958480834961,26.62624168395996,129.16232299804688,10.53794002532959,2.8557028770446777,100.5009765625,1,0.05170888453722,0.026665132492780685,30.0,5.0,18.0,2.8916986442322554,2.0,2.0,25.0,24.0,7.0,2.0
20240906,90151389,0,v,V,349.4990939947313,48.78164762569228,46.528358459472656,26.65898323059082,134.32498168945312,13.036616325378418,3.756704807281494,174.9034881591797,6,0.03504975885152817,0.013415342196822166,30.0,14.0,8.0,3.7389648574920606,18.0,26.0,13.0,13.0,5.0,29.0
20240906,90151390,0,v,V,349.49905251113483,48.78168775215967,46.69704055786133,26.703981399536133,140.822998046875,17.074695587158203,3.7282702922821045,170.36231994628906,4,0.03739069402217865,0.021554064005613327,30.0,15.0,17.0,3.746461820140675,6.0,9.0,12.0,12.0,3.0,11.0
20240906,90151393,0,v,V,349.4990791449763,48.78173531111406,47.202457427978516,26.676855087280273,167.31944274902344,11.672645568847656,3.3447694778442383,140.29640197753906,11,0.04261777922511101,0.017785735428333282,30.0,16.0,16.0,3.3394462379661283,33.0,42.0,15.0,15.0,4.0,53.0
20240907,90162077,0,v,V,349.4934619770786,48.77644610957178,41.88706588745117,25.532958984375,27.481307983398438,6.722144603729248,3.172029733657837,154.65093994140625,18,0.041031062602996826,0.022042443975806236,10.0,24.0,3.0,3.167028636411465,26.0,38.0,20.0,19.0,4.0,43.0
20240907,90162078,0,v,V,349.47800510229774,48.78336360598308,41.01054382324219,25.554887771606445,27.27791404724121,6.82844877243042,2.728754758834839,118.25164794921875,31,0.052138447761535645,0.023066500201821327,10.0,35.0,8.0,2.728993660945355,37.0,43.0,32.0,32.0,1.0,47.0
20240907,90162079,0,v,V,349.5085712502755,48.78338697250044,40.787742614746094,25.542512893676758,26.863649368286133,6.864605903625488,3.0332207679748535,141.9544677734375,28,0.05473310500383377,0.02895078994333744,10.0,29.0,4.0,3.0331161381364615,32.0,38.0,30.0,30.0,6.0,40.0
20240907,90162080,0,v,V,349.50928013513226,48.78367157272691,39.900142669677734,25.553361892700195,26.526153564453125,6.865962505340576,2.796527862548828,125.97611236572266,31,0.055122051388025284,0.02688778191804886,10.0,33.0,5.0,2.797376263697207,35.0,40.0,33.0,33.0,4.0,43.0
20240907,90162081,0,v,V,349.50933302171336,48.78368860266732,39.61954116821289,26.307701110839844,53.044734954833984,7.911611557006836,2.647040367126465,116.39398193359375,40,0.04373679682612419,0.02651631273329258,20.0,52.0,6.0,2.645620856352492,48.0,53.0,46.0,43.0,6.0,63.0
20240907,90162082,0,v,V,349.5093411597815,48.78376196843413,39.081886291503906,26.27231788635254,51.80861282348633,8.546895980834961,3.590627670288086,213.01339721679688,12,0.03516702726483345,0.017850449308753014,20.0,18.0,13.0,3.59793375488354,27.0,36.0,16.0,16.0,8.0,41.0
20240907,90162083,0,v,V,349.5092771584064,48.783705485848195,38.937835693359375,26.298316955566406,51.470298767089844,7.947124481201172,3.1070990562438965,148.26602172851562,28,0.03988070785999298,0.01620858535170555,20.0,35.0,12.0,3.103842033689188,37.0,52.0,33.0,32.0,5.0,60.0
20240907,90162084,0,v,V,349.50938464484886,48.783672849623144,38.793880462646484,26.294963836669922,52.21963119506836,8.157211303710938,3.2182891368865967,159.9834747314453,25,0.05813203752040863,0.03696400672197342,20.0,32.0,6.0,3.214455259837865,34.0,46.0,29.0,28.0,5.0,54.0
20240907,90162085,0,v,V,349.50924215222784,48.78375310144871,38.64973449707031,26.290618896484375,51.83274841308594,8.074767112731934,3.16054105758667,153.37261962890625,29,0.034475862979888916,0.017451053485274315,20.0,33.0,12.0,3.160255613541249,42.0,54.0,31.0,29.0,6.0,61.0
20240907,90162086,0,v,V,349.50931955866264,48.783599155028234,38.505592346191406,26.292936325073242,51.098060607910156,8.039908409118652,3.1305129528045654,156.24913024902344,29,0.0389585979282856,0.022827278822660446,20.0,37.0,17.0,3.1282426727881445,36.0,51.0,35.0,34.0,8.0,59.0
20240907,90162087,0,v,V,349.5092876799783,48.783719312782935,38.361454010009766,26.283119201660156,50.62411880493164,8.45612621307373,3.4278478622436523,178.92578125,21,0.039280738681554794,0.019065165892243385,20.0,30.0,13.0,3.4277134781903333,25.0,36.0,28.0,27.0,8.0,41.0
20240907,90162088,0,v,V,349.50934571220785,48.783677272339325,38.21742630004883,26.29641342163086,50.56194305419922,8.022058486938477,3.0566654205322266,151.09698486328125,30,0.035573773086071014,0.022107494994997978,20.0,38.0,10.0,3.0546597570483605,40.0,54.0,34.0,33.0,9.0,61.0
20240907,90162089,0,v,V,349.50932790527423,48.78372902770054,38.07319259643555,26.302316665649414,50.53567886352539,7.945254325866699,2.8340234756469727,128.64625549316406,40,0.030113309621810913,0.01861635595560074,20.0,46.0,11.0,2.8328417830466153,45.0,54.0,42.0,41.0,6.0,62.0
20240907,90162090,0,v,V,349.50939242748694,48.78364545939747,37.929115295410156,26.30593490600586,50.77519989013672,7.92466926574707,2.9620440006256104,136.47023010253906,36,0.033839426934719086,0.02062797173857689,20.0,47.0,5.0,2.962332322554572,46.0,56.0,40.0,39.0,3.0,65.0
20240907,90162091,0,v,V,349.5093499420526,48.78367272329797,37.784934997558594,26.30858039855957,50.4678955078125,7.879678726196289,2.783623456954956,127.36422729492188,38,0.04124501347541809,0.024861101061105728,20.0,47.0,10.0,2.7825814300549427,48.0,56.0,43.0,42.0,6.0,64.0
20240907,90162092,0,v,V,349.50933076405636,48.78373290633922,37.64067840576172,26.304750442504883,50.377899169921875,7.861720085144043,2.834735155105591,129.90501403808594,40,0.0326584167778492,0.018653228878974915,20.0,48.0,16.0,2.8361410007844716,48.0,59.0,42.0,41.0,8.0,68.0
20240907,90162093,0,v,V,349.50944279249325,48.783688713342116,37.4965705871582,26.313461303710938,50.12298583984375,7.870058059692383,2.7758796215057373,122.40167999267578,37,0.03838716447353363,0.021363969892263412,20.0,47.0,6.0,2.7747772819363616,47.0,55.0,42.0,41.0,5.0,64.0
20240907,90162094,0,v,V,349.5094510631303,48.783707884617925,37.35240936279297,26.312355041503906,50.24443054199219,7.905019283294678,2.9362926483154297,131.21917724609375,38,0.043445684015750885,0.025956645607948303,20.0,47.0,10.0,2.937699281501037,46.0,57.0,41.0,41.0,8.0,67.0
20240907,90162095,0,v,V,349.50943491829327,48.78375082579189,37.20822525024414,26.317678451538086,50.26708221435547,7.924734592437744,2.592235803604126,111.0760726928711,41,0.03700973838567734,0.020334063097834587,20.0,52.0,9.0,2.5924604032378094,52.0,61.0,44.0,43.0,5.0,69.0
20240907,90162096,0,v,V,349.50938012102284,48.78366310695809,37.06401443481445,26.301523208618164,49.14967727661133,8.101253509521484,3.235480785369873,151.67266845703125,26,0.03774290531873703,0.021285466849803925,20.0,30.0,7.0,3.2343143074335314,37.0,52.0,28.0,27.0,6.0,61.0
20240907,90162097,0,v,V,349.50939901780464,48.78365162921289,36.91984176635742,26.30810546875,49.29432678222656,7.847064971923828,2.94810152053833,132.2484130859375,29,0.045146629214286804,0.022050606086850166,20.0,33.0,16.0,2.9499997442870067,42.0,53.0,31.0,30.0,5.0,59.0
20240907,90162098,0,v,V,349.5094290461493,48.78364362946145,36.77561569213867,26.312419891357422,50.11919021606445,7.814199447631836,2.698681354522705,107.0969467163086,40,0.03848855197429657,0.025267649441957474,20.0,49.0,13.0,2.6986608203188824,47.0,54.0,45.0,45.0,6.0,63.0
20240907,90162099,0,v,V,349.5095062429804,48.78366914529224,36.63147735595703,26.309833526611328,50.006874084472656,7.807185173034668,2.563796043395996,105.77391815185547,42,0.031144004315137863,0.015609431080520153,20.0,51.0,12.0,2.5636612538700336,50.0,58.0,46.0,45.0,4.0,67.0
20240907,90162100,0,v,V,349.5094551819414,48.78372836322961,36.48725128173828,26.312124252319336,49.569488525390625,7.856212139129639,2.6545772552490234,114.01045989990234,41,0.034715138375759125,0.01763777621090412,20.0,48.0,10.0,2.6486559982195805,51.0,62.0,45.0,43.0,5.0,69.0
20240907,90162101,0,v,V,349.50941296111887,48.783688132613136,36.3430290222168,26.30360221862793,49.624271392822266,7.878021240234375,2.953542709350586,137.93783569335938,31,0.04356234520673752,0.02827797830104828,20.0,42.0,10.0,2.954412865198909,44.0,53.0,35.0,34.0,6.0,63.0
20240907,90162102,0,v,V,349.5094996307354,48.78368435109565,36.1988639831543,26.305973052978516,48.950130462646484,7.907941818237305,2.9648427963256836,134.3954620361328,32,0.033771924674510956,0.02255961298942566,20.0,39.0,10.0,2.9638867868382643,42.0,53.0,36.0,35.0,3.0,60.0
20240907,90162103,0,v,V,349.50940683918645,48.78371236419827,36.05461120605469,26.307512283325195,48.54428482055664,7.898238658905029,3.0590291023254395,145.3609619140625,26,0.04404657706618309,0.024265896528959274,20.0,31.0,6.0,3.0592646552262184,39.0,52.0,31.0,30.0,5.0,63.0
20240907,90162104,0,v,V,349.5095842289762,48.783644786399904,35.91054153442383,26.312179565429688,49.40727996826172,7.833354949951172,3.050524950027466,139.0079803466797,33,0.04024961590766907,0.02400972694158554,20.0,39.0,7.0,3.049846955236577,46.0,58.0,35.0,34.0,6.0,66.0
20240907,90162105,0,v,V,349.50949921201885,48.783673447612784,35.76618957519531,26.313167572021484,48.696998596191406,7.777481555938721,2.8733582496643066,129.13803100585938,33,0.055287815630435944,0.037406791001558304,20.0,38.0,14.0,2.8693020135800444,47.0,63.0,35.0,34.0,7.0,72.0
20240907,90162106,0,v,V,349.509437035143,48.78364721621989,35.62199783325195,26.317537307739258,48.37383270263672,7.742790699005127,2.6742911338806152,111.2405014038086,45,0.037741873413324356,0.01874837838113308,20.0,53.0,9.0,2.6729367324408213,53.0,60.0,47.0,47.0,6.0,68.0
20240907,90162107,0,v,V,349.5094850667606,48.783646681243,35.47785949707031,26.31326675415039,48.886322021484375,7.76656436920166,2.834648847579956,123.56104278564453,37,0.038303643465042114,0.01926710456609726,20.0,49.0,9.0,2.833597394760987,50.0,58.0,40.0,39.0,6.0,67.0
20240907,90162108,0,v,V,349.5094787058757,48.783650206782596,35.33369064331055,26.313724517822266,48.004371643066406,7.9157304763793945,3.086299419403076,141.10394287109375,33,0.06106213480234146,0.043065790086984634,20.0,37.0,9.0,3.087347461790459,44.0,55.0,36.0,35.0,6.0,63.0
20240907,90162109,0,v,V,349.50951584387514,48.783723612418,35.189537048339844,26.313213348388672,48.19648742675781,7.842692852020264,2.7964775562286377,126.93147277832031,37,0.03738152235746384,0.019555523991584778,20.0,48.0,12.0,2.792846012970754,45.0,51.0,40.0,39.0,7.0,60.0
20240907,90162110,0,v,V,349.50946755902896,48.78362822636393,35.04535675048828,26.319866180419922,47.89068603515625,7.959692001342773,3.077402353286743,143.6195068359375,28,0.048287391662597656,0.02974316105246544,20.0,36.0,11.0,3.082691556944121,41.0,54.0,33.0,32.0,5.0,64.0
20240907,90162111,0,v,V,349.509491795386,48.78372354142807,34.9012451171875,26.314247131347656,48.344947814941406,7.765699863433838,2.784520387649536,126.9842529296875,40,0.02343922108411789,0.013051922433078289,20.0,49.0,14.0,2.7838385065911413,48.0,57.0,46.0,45.0,8.0,66.0
20240907,90162112,0,v,V,349.5095062577032,48.78361837102619,34.75710678100586,26.30862045288086,47.79270935058594,7.730101108551025,2.9518487453460693,136.7822265625,32,0.04302595928311348,0.023625245317816734,20.0,37.0,10.0,2.948045396007787,43.0,56.0,34.0,33.0,5.0,66.0
20240907,90162113,0,v,V,349.50950113126675,48.78365627402728,34.612998962402344,26.31355094909668,47.429237365722656,7.723876476287842,2.9606504440307617,139.39405822753906,34,0.035148728638887405,0.015280003659427166,20.0,40.0,7.0,2.9631621309557707,46.0,62.0,36.0,35.0,3.0,73.0
20240907,90162114,0,v,V,349.50953877462086,48.78372757219571,34.46891403198242,26.312971115112305,46.98729705810547,7.894490718841553,3.123753309249878,137.04388427734375,30,0.040812455117702484,0.022641146555542946,20.0,32.0,15.0,3.1220623205269553,42.0,56.0,31.0,31.0,6.0,65.0
20240907,90162115,0,v,V,349.50953488043757,48.78372341389744,34.3248405456543,26.311269760131836,46.91464614868164,7.890959739685059,3.0565502643585205,144.03396606445312,29,0.03457105904817581,0.02307683788239956,20.0,38.0,10.0,3.0549114848664165,44.0,57.0,32.0,31.0,6.0,65.0
20240907,90162116,0,v,V,349.5094545921342,48.78369610841459,34.18067932128906,26.318077087402344,47.233951568603516,7.78761100769043,2.8619232177734375,128.3836669921875,38,0.08179095387458801,0.05062960460782051,20.0,46.0,12.0,2.8611508402486376,47.0,54.0,42.0,40.0,6.0,62.0
20240907,90162117,0,v,V,349.50958242581265,48.78367252734335,34.0367317199707,26.316143035888672,46.8345832824707,7.781677722930908,2.9076879024505615,134.24850463867188,37,0.04008577764034271,0.021820982918143272,20.0,42.0,14.0,2.9016786933351453,48.0,56.0,41.0,40.0,6.0,64.0
20240907,90162118,0,v,V,349.50959312577805,48.78368355986784,33.892730712890625,26.31354331970215,46.4249382019043,7.755487442016602,2.887969493865967,130.17822265625,30,0.04186897352337837,0.02061898075044155,20.0,38.0,11.0,2.886263627728593,37.0,46.0,41.0,36.0,6.0,54.0
20240907,90162119,0,v,V,349.5094935711206,48.783725630424485,33.74868392944336,26.322391510009766,46.977783203125,7.752908229827881,2.8461477756500244,123.8953857421875,32,0.04541994631290436,0.02353164367377758,20.0,38.0,8.0,2.846450077413189,50.0,61.0,35.0,34.0,6.0,70.0
20240907,90162120,0,v,V,349.5094896632783,48.78361360742934,33.604713439941406,26.303022384643555,45.910552978515625,7.937862873077393,3.137787103652954,148.53701782226562,30,0.04476708173751831,0.022182680666446686,20.0,39.0,10.0,3.1323416216647564,39.0,50.0,34.0,33.0,6.0,58.0
20240907,90162121,0,v,V,349.5095990815761,48.7836854676107,33.4608268737793,26.31586456298828,45.932044982910156,7.7881059646606445,2.44862699508667,99.29016876220703,43,0.030825799331068993,0.015981823205947876,20.0,52.0,9.0,2.447125072251031,51.0,57.0,47.0,46.0,6.0,66.0
20240907,90162122,0,v,V,349.5095272403301,48.78369806378303,33.31688690185547,26.322664260864258,46.72047424316406,7.922867774963379,2.3716211318969727,96.97931671142578,47,0.043246813118457794,0.021362850442528725,20.0,57.0,6.0,2.3717043950915033,51.0,55.0,50.0,50.0,4.0,63.0
20240907,90162123,0,v,V,349.5095831428635,48.78367436337426,33.17304229736328,26.315542221069336,46.33982849121094,7.817946434020996,2.494511127471924,104.62354278564453,46,0.03809570521116257,0.023811886087059975,20.0,59.0,10.0,2.494516365320721,52.0,59.0,49.0,48.0,5.0,68.0
20240907,90162124,0,v,V,349.5095215426568,48.78362143082812,33.02916717529297,26.32070541381836,45.70792770385742,7.815445423126221,2.711660385131836,116.6121597290039,40,0.04078739508986473,0.022895468398928642,20.0,50.0,10.0,2.706961732536524,52.0,58.0,44.0,42.0,5.0,68.0
20240907,90162125,0,v,V,349.5095776875225,48.78365295522947,32.8853645324707,26.314863204956055,46.13543701171875,7.757791519165039,2.748786687850952,121.76676940917969,41,0.037952862679958344,0.021514391526579857,20.0,49.0,11.0,2.7465934608982283,50.0,60.0,45.0,44.0,8.0,69.0
20240907,90162126,0,v,V,349.5095690258574,48.78360880997337,32.741573333740234,26.319732666015625,45.95570373535156,7.630329608917236,2.630466938018799,112.63443756103516,45,0.03455815091729164,0.021463138982653618,20.0,51.0,8.0,2.6291172194274073,53.0,61.0,48.0,47.0,6.0,71.0
20240907,90162127,0,v,V,349.50959791976203,48.78356888529198,32.597843170166016,26.310718536376953,44.954200744628906,7.578896522521973,2.9876725673675537,138.44776916503906,31,0.037847425788640976,0.0209491066634655,20.0,39.0,4.0,2.988117189003388,42.0,54.0,36.0,35.0,8.0,65.0
20240907,90162128,0,v,V,349.5096111201741,48.7836237718343,32.454063415527344,26.30815887451172,44.7306022644043,7.710325241088867,3.1366641521453857,152.20689392089844,21,0.08643832802772522,0.04751666635274887,20.0,28.0,19.0,3.135339912927481,34.0,48.0,26.0,25.0,6.0,57.0
20240907,90162129,0,v,V,349.5095729133153,48.78360103529351,32.310367584228516,26.30984115600586,45.186279296875,7.611675262451172,2.8509809970855713,129.46780395507812,35,0.037026386708021164,0.023165566846728325,20.0,44.0,7.0,2.8505114534349096,49.0,58.0,38.0,37.0,5.0,68.0
20240907,90162130,0,v,V,349.5095537867413,48.78360483841661,32.166725158691406,26.30657196044922,44.81791687011719,7.664945125579834,2.9293060302734375,136.71128845214844,34,0.06673192977905273,0.04035935923457146,20.0,38.0,9.0,2.931860275286282,46.0,54.0,37.0,36.0,5.0,61.0
20240907,90162131,0,v,V,349.5096044275922,48.783650244624845,32.02314758300781,26.319597244262695,49.61594009399414,7.877098560333252,2.9327104091644287,128.09519958496094,33,0.04039113596081734,0.02548496052622795,20.0,39.0,12.0,2.929643113606516,46.0,62.0,37.0,36.0,6.0,69.0
20240907,90162132,0,v,V,349.50954015336407,48.78355319332697,31.879552841186523,26.310792922973633,45.15978240966797,7.861791610717773,3.0900089740753174,141.90370178222656,28,0.05199797451496124,0.03560340404510498,20.0,37.0,8.0,3.0902308729665764,43.0,52.0,31.0,30.0,6.0,59.0
20240907,90162133,0,v,V,349.50952407094087,48.78366114237079,31.736068725585938,26.309978485107422,45.103721618652344,7.7821478843688965,2.979872941970825,138.19993591308594,37,0.03492369502782822,0.019589457660913467,20.0,44.0,9.0,2.9721427527059157,44.0,56.0,39.0,38.0,6.0,64.0
20240907,90162134,0,v,V,349.509676045834,48.7836183251948,31.592700958251953,26.320514678955078,44.62855529785156,7.885471820831299,3.1569550037384033,141.70794677734375,23,0.07231713831424713,0.05521657317876816,20.0,28.0,16.0,3.1632846696739634,39.0,49.0,25.0,25.0,7.0,56.0
20240907,90162135,0,v,V,349.5095923925577,48.78368516615267,31.44919776916504,26.28765106201172,44.91661834716797,8.12496566772461,3.4955036640167236,164.30682373046875,19,0.04423736780881882,0.021117325872182846,20.0,25.0,11.0,3.497773439009662,30.0,39.0,24.0,24.0,6.0,45.0
20240907,90162136,0,v,V,349.5096175510387,48.783691279672595,31.305891036987305,26.312410354614258,44.61511993408203,7.811734199523926,3.2016236782073975,162.0983428955078,25,0.04271230101585388,0.022974364459514618,20.0,35.0,11.0,3.2013718866299654,39.0,51.0,30.0,29.0,6.0,60.0
20240907,90162137,0,v,V,349.50963254415495,48.78366111546853,31.162572860717773,26.309371948242188,44.242164611816406,7.722724437713623,3.0287606716156006,143.22654724121094,33,0.043060753494501114,0.022683603689074516,20.0,40.0,7.0,3.0269298858594524,45.0,54.0,37.0,36.0,5.0,63.0
20240907,90162138,0,v,V,349.5095539886727,48.78364417334181,31.019277572631836,26.319156646728516,44.58681106567383,7.757504463195801,2.9470207691192627,133.68670654296875,30,0.05204330012202263,0.03256884217262268,20.0,34.0,12.0,2.945103988653145,43.0,57.0,31.0,31.0,5.0,66.0
20240907,90162139,0,v,V,349.5096787275321,48.78364445343779,30.87617301940918,26.31972885131836,44.583370208740234,7.867920398712158,3.14516019821167,150.7924041748047,27,0.04305511713027954,0.02011759765446186,20.0,37.0,9.0,3.1449913974436168,38.0,45.0,31.0,30.0,6.0,58.0
20240907,90162140,0,v,V,349.50964728920513,48.78366562483268,30.7330265045166,26.314157485961914,44.54267120361328,7.926270008087158,3.247546434402466,159.32901000976562,22,0.050593841820955276,0.036048468202352524,20.0,31.0,8.0,3.2386938923558057,32.0,40.0,31.0,30.0,6.0,48.0
20240907,90162141,0,v,V,349.5095724854304,48.78362798070179,30.589906692504883,26.31562042236328,44.2896728515625,7.888911724090576,3.1819844245910645,149.53858947753906,25,0.051584865897893906,0.033903516829013824,20.0,32.0,12.0,3.180239575648824,38.0,48.0,28.0,28.0,8.0,56.0
20240907,90162142,0,v,V,349.509671409214,48.78363643366361,30.44696807861328,26.3206729888916,44.261234283447266,7.722903251647949,2.8281447887420654,128.6270294189453,38,0.034044113010168076,0.021763715893030167,20.0,45.0,7.0,2.8201596973563134,48.0,60.0,42.0,40.0,5.0,69.0
20240907,90162143,0,v,V,349.5095796382457,48.78374670123397,30.30398178100586,26.320993423461914,44.5073127746582,7.8362321853637695,3.0898447036743164,141.70843505859375,17,0.041388366371393204,0.017399882897734642,20.0,21.0,10.0,3.092009808915968,36.0,46.0,19.0,19.0,4.0,53.0
20240907,90162144,0,v,V,349.5096377672148,48.78365725650903,30.161134719848633,26.305347442626953,43.72297668457031,7.789072036743164,3.0881857872009277,146.99696350097656,31,0.049043528735637665,0.031066562980413437,20.0,40.0,16.0,3.0905581177992114,41.0,54.0,38.0,37.0,4.0,62.0
20240907,90162145,0,v,V,349.50968782765705,48.78369735790619,30.018367767333984,26.3011474609375,43.7457275390625,7.884582996368408,3.064762592315674,153.21063232421875,31,0.03374887630343437,0.02297632396221161,20.0,44.0,18.0,3.064354603071508,41.0,50.0,37.0,36.0,5.0,57.0
20240907,90162146,0,v,V,349.5097104490255,48.78366456317779,29.875642776489258,26.3106689453125,44.276912689208984,7.91249418258667,3.1721067428588867,159.39859008789062,23,0.03336634486913681,0.012201391160488129,20.0,31.0,17.0,3.1696568023241336,35.0,44.0,29.0,28.0,6.0,53.0
20240907,90162147,0,v,V,349.5097744005072,48.78361250577314,29.732934951782227,26.297760009765625,44.32588195800781,7.964632987976074,3.1741302013397217,165.90188598632812,26,0.03672395646572113,0.017997082322835922,20.0,35.0,9.0,3.171817393990969,37.0,52.0,33.0,32.0,6.0,59.0
20240907,90162148,0,v,V,349.5097290201514,48.783706769179965,29.59030532836914,26.31267547607422,43.6502685546875,7.8921918869018555,3.0215792655944824,144.2584991455078,35,0.05041520670056343,0.028497297316789627,20.0,39.0,9.0,3.0224582344975546,45.0,57.0,37.0,36.0,5.0,67.0
20240907,90162149,0,v,V,349.5097155151394,48.78366637870129,29.44780921936035,26.313905715942383,43.85234069824219,7.83620548248291,2.94742751121521,144.4916534423828,35,0.03833640366792679,0.02186833694577217,20.0,43.0,15.0,2.9434870341636725,43.0,54.0,40.0,39.0,4.0,63.0
20240907,90162150,0,v,V,349.50972317988703,48.783678585394036,29.30535888671875,26.290760040283203,44.14338684082031,7.848705768585205,3.1867222785949707,168.4786834716797,30,0.04971596971154213,0.031715888530015945,20.0,39.0,16.0,3.1767988999590306,38.0,52.0,35.0,34.0,6.0,61.0
20240907,90162151,0,v,V,349.50966736806544,48.7837120776461,29.162899017333984,26.291135787963867,43.45602035522461,7.802010536193848,3.1959900856018066,164.7774200439453,33,0.06184464320540428,0.03846767917275429,20.0,43.0,15.0,3.1925647610309,38.0,47.0,38.0,37.0,7.0,53.0
20240907,90162152,0,v,V,349.5097869426633,48.783702960296345,29.020709991455078,26.283462524414062,44.03611373901367,8.128948211669922,3.3452467918395996,190.5331573486328,23,0.04530588909983635,0.022257927805185318,20.0,34.0,5.0,3.355987457780685,31.0,42.0,31.0,31.0,7.0,47.0
20240907,90162153,0,v,V,349.5097748108766,48.783583130655416,28.87850570678711,26.286287307739258,43.534629821777344,8.207180976867676,3.4605844020843506,186.88253784179688,14,0.04704267531633377,0.028044110164046288,20.0,13.0,7.0,3.4393724445346354,21.0,28.0,19.0,19.0,5.0,35.0
20240907,90162154,0,v,V,349.5096738673028,48.78371935366323,28.736373901367188,26.316015243530273,44.23539352416992,7.7213335037231445,2.938511848449707,119.32106018066406,39,0.03872935473918915,0.019816804677248,20.0,42.0,17.0,2.9356517538269458,45.0,57.0,41.0,41.0,8.0,66.0
20240907,90162155,0,v,V,349.50979118975215,48.783642315001806,28.594440460205078,26.300979614257812,43.691837310791016,8.079678535461426,3.4313759803771973,180.00962829589844,22,0.03193521499633789,0.01608237437903881,20.0,29.0,14.0,3.4262186272012087,32.0,44.0,26.0,25.0,6.0,51.0
20240907,90162156,0,v,V,349.509776585806,48.78368455109977,28.452533721923828,26.31812858581543,43.64683532714844,7.890100002288818,3.056723117828369,145.1659393310547,32,0.03795300051569939,0.02181798405945301,20.0,40.0,17.0,3.0544040033736612,42.0,54.0,38.0,37.0,6.0,64.0
20240907,90162157,0,v,V,349.5098444045045,48.783588112489895,28.310752868652344,26.316951751708984,43.953208923339844,7.957066535949707,3.2894303798675537,158.91822814941406,24,0.09156247228384018,0.06614064425230026,20.0,26.0,12.0,3.288405204835921,31.0,37.0,31.0,31.0,2.0,44.0
20240907,90162158,0,v,V,349.5097553640589,48.78364283707774,28.168996810913086,26.301143646240234,43.662208557128906,8.205157279968262,3.4835190773010254,182.36412048339844,15,0.055828481912612915,0.041574522852897644,20.0,25.0,10.0,3.479556557715871,23.0,27.0,24.0,23.0,6.0,33.0
20240907,90162159,0,v,V,349.5098458926249,48.78363434835294,28.02744483947754,26.317026138305664,44.423885345458984,8.198609352111816,3.508728504180908,178.1434326171875,17,0.04691855609416962,0.02464395761489868,20.0,22.0,11.0,3.503465639096614,30.0,41.0,22.0,21.0,6.0,46.0
20240907,90162160,0,v,V,349.5097284137571,48.78355265177848,27.885822296142578,26.31454849243164,44.15611267089844,7.982590675354004,3.3211004734039307,168.3932342529297,17,0.06683097779750824,0.043602947145700455,20.0,28.0,8.0,3.3138669243596333,23.0,32.0,31.0,30.0,5.0,36.0
20240907,90162161,0,v,V,349.50983496234426,48.78360383872759,27.744504928588867,26.335060119628906,43.90530776977539,7.939580917358398,3.027006149291992,134.53274536132812,12,0.08113689720630646,0.0845753476023674,20.0,9.0,9.0,3.0188937561548306,35.0,42.0,25.0,22.0,8.0,42.0
20240907,90162162,0,v,V,349.5097800568205,48.783595482757214,27.603179931640625,26.32399559020996,43.92364501953125,7.9496331214904785,3.099228858947754,137.3656463623047,13,0.029078781604766846,0.012965892441570759,20.0,16.0,7.0,3.1020255740377385,34.0,44.0,15.0,15.0,6.0,51.0
20240907,90162163,0,v,V,349.50976995068794,48.78364841890531,27.46190071105957,26.331897735595703,43.36970138549805,7.877810955047607,3.0842697620391846,141.58489990234375,24,0.03916647285223007,0.018852505832910538,20.0,32.0,7.0,3.080289746569499,34.0,48.0,28.0,28.0,4.0,55.0
20240907,90162164,0,v,V,349.50980671879944,48.78365966458793,27.320865631103516,26.331707000732422,43.375831604003906,7.990861415863037,2.9160475730895996,130.4095458984375,33,0.04692067205905914,0.026519091799855232,20.0,39.0,10.0,2.915954435111668,44.0,51.0,40.0,39.0,9.0,59.0
20240907,90162165,0,v,V,349.5099139403872,48.783568086798944,27.179946899414062,26.306501388549805,44.036827087402344,7.985206604003906,3.0391600131988525,140.7022705078125,25,0.03178013488650322,0.019162148237228394,20.0,28.0,7.0,3.0397249239815394,40.0,51.0,30.0,30.0,7.0,59.0
20240907,90162166,0,v,V,349.50980309569866,48.78363532051628,27.0390682220459,26.32662582397461,43.965789794921875,7.908470630645752,3.173063278198242,151.36312866210938,18,0.045432258397340775,0.023365940898656845,20.0,24.0,14.0,3.1765509801385763,37.0,47.0,23.0,22.0,8.0,56.0
20240907,90162167,0,v,V,349.509836496154,48.783617685306346,26.898387908935547,26.319677352905273,43.90106964111328,7.987040996551514,3.29655122756958,162.53428649902344,25,0.07469318062067032,0.05157747492194176,20.0,31.0,6.0,3.2965995835101984,32.0,45.0,30.0,29.0,7.0,54.0
20240907,90162168,0,v,V,349.50989230293874,48.78362563499394,26.757854461669922,26.324979782104492,43.44470977783203,7.985044956207275,3.0175230503082275,143.9812774658203,22,0.0444294773042202,0.025591742247343063,20.0,31.0,10.0,3.0157767490569234,40.0,48.0,27.0,26.0,6.0,60.0
20240907,90162169,0,v,V,349.50980020867297,48.78360456999037,26.617347717285156,26.330032348632812,43.81480026245117,7.941596508026123,2.9947211742401123,136.84625244140625,34,0.039868954569101334,0.021732794120907784,20.0,44.0,11.0,2.992812254143172,45.0,53.0,41.0,41.0,4.0,63.0
20240907,90162170,0,v,V,349.5098312910995,48.783665703552046,26.477073669433594,26.327783584594727,43.316036224365234,7.896944046020508,2.9862518310546875,134.21054077148438,29,0.06867045164108276,0.040045108646154404,20.0,36.0,9.0,2.9835756875678925,45.0,62.0,31.0,30.0,4.0,71.0
20240907,90162171,0,v,V,349.5098307513029,48.783648829649266,26.336896896362305,26.325029373168945,43.754737854003906,7.919168949127197,3.013741970062256,135.23187255859375,29,0.035599496215581894,0.02479255571961403,20.0,29.0,17.0,3.0138564081687536,45.0,54.0,30.0,30.0,6.0,64.0
20241031,90702073,0,v,V,349.5020119083998,48.778477209332316,16.02159881591797,25.564931869506836,23.076162338256836,6.672813415527344,3.351505756378174,161.02389526367188,18,0.05405094474554062,0.02867063134908676,10.0,20.0,11.0,3.344686923450759,26.0,36.0,18.0,18.0,5.0,40.0
20241031,90702074,0,v,V,349.50228879350203,48.778626564290505,15.87451171875,25.99592399597168,35.255897521972656,7.21824312210083,3.132108688354492,149.17926025390625,23,0.0470680296421051,0.028562210500240326,15.0,32.0,7.0,3.133456482904897,35.0,46.0,27.0,26.0,9.0,54.0
20241031,90702075,0,v,V,349.5028501555914,48.77853975366729,15.698643684387207,26.068044662475586,34.069339752197266,7.175416946411133,3.351339340209961,166.2710418701172,16,0.04397442564368248,0.026695644482970238,15.0,21.0,13.0,3.350520958530498,29.0,42.0,18.0,18.0,9.0,48.0
20241031,90702099,0,v,V,349.50374512903045,48.781072474145674,12.094572067260742,26.299177169799805,40.94524002075195,7.527378559112549,4.143906116485596,253.19712829589844,9,0.035607531666755676,0.017959503456950188,20.0,13.0,10.0,4.144504451329062,23.0,39.0,11.0,11.0,8.0,44.0
20241031,90702100,0,v,V,349.50399152077966,48.781086424986,12.023690223693848,26.28523063659668,40.69971466064453,7.563208103179932,4.054736614227295,202.9658966064453,5,0.03642459586262703,0.021941037848591805,20.0,14.0,7.0,4.194129125423991,10.0,16.0,11.0,10.0,7.0,17.0
20241031,90702101,0,v,V,349.50396162797017,48.7812088421614,11.966968536376953,26.26848030090332,39.728431701660156,7.532549858093262,3.787564277648926,192.6767120361328,1,0.14113961160182953,0.07210242748260498,20.0,20.0,6.0,3.763978904372552,6.0,6.0,25.0,21.0,8.0,5.0
